Year,Make,Model,Styling,Acceleration,Handling,Fun Factor,Cool Factor,Features,Comfort,Quality,Practicality,Value
2020,McLaren,Speedtail,8,10,10,10,10,7,4,7,2,6
1994,McLaren,F1,8,9,10,10,10,2,3,9,3,10
2022,Lucid,Air Dream Edition,7,10,6,7,8,9,8,7,5,6
2022,GMC,Hummer EV Pickup,5,9,4,9,7,9,7,7,9,7
2021,Rivian,R1T,7,9,5,9,7,7,6,6,9,8
2021,Tesla,Model S Plaid,6,10,6,8,7,9,7,6,7,7
2019,Bugatti,Divo,8,10,9,10,10,6,5,7,1,7
2021,Bugatti,Chiron Pur Sport,9,10,9,10,10,6,5,7,1,6
2018,Bugatti,Chiron,9,10,9,10,10,6,5,7,1,6
2020,Ferrari,Monza SP1,9,10,10,10,10,5,2,8,1,7
2021,Mercedes,AMG E63 Wagon,7,9,6,7,6,9,7,7,8,6
2021,Rimac,Nevera,7,10,10,10,10,7,3,6,2,7
2021,Koenigsegg,Regera,8,10,10,10,10,6,3,8,1,6
2021,McLaren,Sabre,8,10,10,10,9,6,3,8,2,6
2021,Ferrari,SF90 Stradale,8,10,10,9,9,6,4,8,2,6
2021,Audi,RS6 Avant,7,8,6,7,7,9,7,8,8,5
2020,Porsche,Taycan Turbo S,7,10,6,8,8,8,7,8,5,5
2015,Ferrari,LaFerrari,9,10,10,10,10,6,3,7,1,6
2019,Ferrari,488 Pista,8,10,10,10,8,6,4,8,2,6
2018,Koenigsegg,Agera RS1,8,10,10,10,10,6,3,8,1,6
2019,Mercedes-Benz,GT63S 4-Door,7,9,7,8,6,9,7,7,6,6
2018,Mercedes-Benz,E63S AMG Wagon,7,9,6,7,6,9,7,7,8,6
2015,Porsche,918 Spyder,8,10,10,10,10,6,3,8,1,6
2022,Tesla,Model X Plaid,5,10,5,7,6,9,7,6,9,7
2022,Porsche,Taycan GTS Sport Turismo,7,9,6,8,7,8,7,8,6,5
2021,Porsche,Taycan Turbo CrossTurismo,7,9,6,8,7,8,7,8,6,5
2022,Audi,RS E-Tron GT,7,9,6,8,7,8,7,8,5,6
2020,Ferrari,812 GTS,8,10,9,9,9,6,5,8,2,5
2018,Ferrari,812 Superfast,8,10,9,9,8,6,5,8,2,6
2020,Ferrari,F8 Tributo,9,10,9,9,8,6,4,8,2,6
2020,Lamborghini,Huracan Evo Spyder,8,10,10,9,8,6,4,8,2,6
2014,McLaren,P1,8,10,10,10,10,6,3,7,1,6
2019,McLaren,Senna,7,10,10,10,10,6,2,8,1,7
2019,Lamborghini,Urus,6,8,6,7,7,8,7,8,8,6
2015,Ferrari,458 Speciale A,8,9,10,10,8,6,4,8,2,6
2018,Porsche,911 GT2RS,7,10,10,10,9,6,3,8,2,6
2015,Lamborghini,Huracan,8,10,9,9,8,6,4,8,2,7
2005,Porsche,Carrera GT,9,9,10,10,10,3,3,9,1,7
2020,McLaren,Elva,9,10,10,10,10,5,2,7,1,6
2022,Porsche,Cayenne Turbo GT,7,9,6,6,6,8,6,8,8,6
2015,Ferrari,F12 Berlinetta,8,9,9,9,8,6,5,7,2,7
2021,Ferrari,Roma,8,9,8,8,7,7,5,8,3,7
2021,McLaren,765LT,8,10,10,9,9,6,3,7,2,6
2019,Aston Martin,Vanquish Shooting Brake,9,8,7,8,9,6,5,8,4,6
2021,Audi,RS7,7,9,6,7,6,9,7,8,6,5
2021,Lamborghini ,Centenario,9,10,9,10,10,6,3,7,1,5
2020,Porsche,Cayenne Turbo S Coupe,7,8,6,6,6,8,7,8,8,6
2019,Ford,GT,8,10,10,10,10,6,2,7,1,6
2019,McLaren,720S Spider,8,10,9,10,8,6,4,7,2,6
2016,Ferrari,488 Spider,9,9,9,9,8,6,4,8,2,6
2019,Lamborghini,Aventador SVJ,8,10,9,10,9,6,3,7,2,6
2018,Lamborghini,Huracan Performante,8,10,10,9,8,6,3,8,2,6
2022,Maserati ,MC20,9,10,8,8,8,6,4,7,2,7
2018,BMW,M5,7,10,6,7,6,8,7,7,5,6
2020,Audi,RSQ8,7,8,5,6,6,8,7,8,8,6
2021,Porsche,911 Turbo S (992),7,10,8,8,7,7,5,8,3,6
2005,Pagani,Zonda S Roadster,9,9,10,10,10,4,3,7,1,6
2017,Pagani,Huayra Roadster,9,9,10,9,10,5,3,7,1,6
2012,Pagani,Huayra,9,9,10,9,10,5,3,7,1,6
2008,Koenigsegg,CCX,8,9,10,10,10,4,3,7,1,7
2019,Porsche,Cayenne Turbo,7,8,6,6,5,8,7,8,8,6
2019,Aston Martin,DBS Superleggera,8,9,7,8,8,6,5,8,4,6
2019,Bentley,Continental GT,7,8,6,6,7,8,8,9,4,6
2018,Ferrari,Portofino,8,9,8,8,7,6,6,8,3,6
2017,McLaren,720S,8,10,9,9,8,6,4,7,2,6
2018,BMW,M760i,6,8,6,5,6,9,9,8,6,6
2017,Audi,R8 V10 Plus,7,10,8,9,7,7,5,8,2,6
2022,Acura,NSX Type S,8,10,8,8,7,6,5,8,2,6
2021,Ford,Mustang Mach-E GT,6,8,6,6,5,8,6,7,9,7
2022,Cadillac,CT5-V Blackwing,6,8,6,8,7,8,7,6,5,7
2022,Porsche,911 GT3 Touring,7,9,9,9,8,6,4,8,2,6
2021,BMW,Alpina XB7,6,8,5,5,5,9,8,8,9,5
2022,Porsche,911 GT3,7,9,9,9,8,6,4,8,2,6
2021,BMW,M3,6,7,7,8,6,8,7,7,5,7
2021,Dodge,Ram TRX,7,8,4,8,6,7,6,6,8,8
2014,Bugatti ,Veyron Vitesse,8,10,8,10,10,4,4,7,1,6
2014,Audi,RS7,7,8,6,7,6,7,7,8,6,6
2020,BMW,X5M Competition,7,8,6,7,5,8,6,7,8,6
2021,Bentley,Bentayga V8,5,7,5,6,6,8,9,8,8,6
2016,McLaren,675LT,7,10,10,9,8,6,3,6,2,7
2020,Tesla,Model Y Performance,5,9,5,6,6,9,6,6,9,7
2020,Rolls-Royce,Cullinan Black Badge,6,6,4,5,7,10,10,9,6,5
2019,Audi,RS5 Sportback,7,8,6,7,5,8,7,7,7,6
2019,Rolls-Royce,Cullinan,6,6,4,5,7,9,10,9,7,5
2017,Ford,GT,8,10,10,10,10,5,2,6,1,6
2018,Porsche,Panamera Turbo Sport Turismo,6,8,6,6,6,7,7,9,8,5
2018,Rolls-Royce,Phantom,6,5,5,6,8,9,10,9,5,5
2020,Audi,R8 Decennium,7,10,8,9,7,7,5,8,2,5
2020,Bentley,Flying Spur W12,7,8,5,5,6,8,9,9,5,6
2022,Porsche,Cayman GT4RS,6,9,9,9,8,6,3,8,2,7
2022,Porsche,911 GTS Coupe,7,9,8,8,6,7,4,9,3,6
2021,Mecedes-AMG,GT Black Series,7,9,9,9,8,6,3,7,3,6
2018,Mercedes-Benz,AMG GTR,7,9,8,9,7,6,4,7,3,7
2021,Dodge,Durango Hellcat,6,9,5,7,6,7,6,6,9,6
2015,McLaren,650S,7,10,9,9,7,6,4,6,2,7
2021,Porsche,Cayenne GTS,7,7,6,6,5,8,7,8,8,5
2019,Mercedes - Benz,AMG G63,7,7,5,6,6,7,8,7,9,5
2011,Ferrari,599 GTO,8,9,9,9,8,5,4,7,2,6
2020,Porsche,911 991 Speedster,7,8,8,10,7,6,4,9,2,6
2019,Tesla,Model 3 Performance,5,9,6,6,5,9,7,6,6,8
2020,McLaren,GT,7,9,8,8,7,6,5,7,4,6
2020,Porsche,911 Carrera S,7,9,8,7,6,7,5,9,3,6
2006,Bugatti,Veyron,7,10,8,10,10,4,4,7,1,6
2019,Aston Martin,DB11 AMR,8,9,7,7,7,6,6,8,4,5
2010,Audi,R8 V10,8,8,8,8,7,5,5,8,2,8
2019,Aston Martin,Vantage,7,9,8,8,7,6,6,7,3,6
2017,Ferrari,California T,7,9,8,8,7,6,5,8,3,6
2017,Mercedes-Benz,AMG GT S,7,8,8,8,7,6,6,7,3,7
2005,Ford,GT,9,8,9,10,9,3,4,7,1,7
2017,Lamborghini,Aventador SV,8,10,8,9,9,6,3,7,2,5
2017,Porsche,Panamera Turbo,6,8,6,6,6,7,7,9,6,6
2017,Bentley,Bentayga,5,8,5,6,6,6,9,9,8,5
2020,Porsche,911 C2S Manual,7,8,8,8,6,7,5,9,3,6
2021,Mercedes-Maybach,S580,6,7,5,5,6,9,9,9,5,5
2021,Mercedes - Benz,S580,6,7,5,5,5,9,9,9,5,6
2014,Ferrari,FF,5,9,7,7,7,5,6,7,5,8
2020,Polestar,1,8,7,6,7,7,8,7,7,4,5
2018,Aston Martin,Lagonda Taraf,10,7,6,6,9,5,7,7,5,4
2021,Lexus,LC500 Convertible,8,7,6,6,6,8,6,10,3,6
2020,Porsche,718 Cayman GT4,6,7,9,10,6,6,4,9,2,7
2020,Range Rover,Velar SV Autobiography,7,7,6,6,6,8,6,6,8,6
2020,BMW,M8 Competition,7,9,7,6,6,8,7,7,4,5
2020,BMW,X3M Competition,6,8,6,7,5,7,6,7,8,6
2019,McLaren,600LT,7,10,10,10,7,6,2,6,2,6
2019,Cadillac,CTS-V,7,8,6,7,6,7,7,7,5,6
2018,Jaguar,I-Pace,6,7,5,6,5,8,7,6,9,7
2019,BMW,M850i,7,8,7,6,6,8,7,7,4,6
2018,Rolls-Royce,Dawn,6,7,5,6,7,8,10,9,4,4
2020,Alfa Romeo,Stelvio Quadrifoglio,7,8,6,7,6,6,6,6,8,6
2018,Alfa Romeo,Stelvio Quadrifoglio,7,8,6,7,6,6,6,6,8,6
2017,Acura,NSX,8,9,8,8,7,6,4,8,2,6
2017,Aston Martin,DB11,8,8,7,7,7,6,6,8,4,5
2014,Audi,R8,8,7,8,8,7,5,5,8,2,8
2018,Jeep,Grand Cherokee Trackhawk,6,9,5,7,6,7,6,6,8,6
2018,Lexus,LC 500,8,7,6,6,6,8,6,10,3,6
2020,Audi,SQ7,6,7,5,5,5,9,7,7,9,6
2022,Ford,F-150 Lightning,5,7,3,6,6,8,7,7,9,7
2022,Audi,S8,6,8,6,5,5,8,8,8,5,6
2020,Audi,S8,6,8,6,5,5,8,8,8,5,6
2022,Hyundai,Ioniq 5 Limited,7,5,5,5,6,8,7,7,9,6
2022,BMW,i4 M50,6,8,6,6,5,8,7,7,6,6
2022,BMW,iX xDrive50,4,7,5,6,6,9,8,7,7,6
2022,Cadillac,CT4-V Blackwing,6,8,6,7,6,8,7,6,5,6
2017,Ford,F-150 Raptor,7,5,4,7,6,7,7,7,8,7
2021,BMW,M4 Competition,6,8,7,7,6,8,6,7,4,6
2021,Mercedes - Maybach,GLS600,6,6,4,4,6,9,9,9,7,5
2015,Mercedes - Benz,CLS63 Shooting Brake,7,7,6,6,7,6,6,7,7,6
2020,McLaren,620R,7,10,10,10,7,6,2,6,2,5
2021,Ford,Mustang Mach-E Premium,6,6,5,6,5,8,7,7,9,6
2021,Aston Martin,Vantage Roadster,8,8,8,8,7,6,6,7,2,5
2017,Mercedes-Maybach,S650 Cabriolet,7,7,5,5,6,8,9,8,4,6
2019,Jaguar,XE SV Project 8,6,9,7,8,6,6,6,7,5,5
2019,Maserati ,Levante Trofeo,6,8,6,6,5,8,6,6,8,6
2019,BMW,M2 Competition,6,8,8,8,6,6,5,7,4,7
2017,Nissan,GT-R Nismo,6,10,9,8,7,6,3,7,4,5
1988,Porsche,959,6,8,7,8,10,4,5,6,4,7
2013,Mercedes-Benz,SLS AMG Black Series,8,8,9,9,8,5,4,7,2,5
2012,Mercedes-Benz,SLS AMG,8,8,9,9,7,5,4,7,2,6
2016,Porsche,911R,7,8,9,9,8,6,4,9,2,3
2008,Mercedes-Benz,CLK63 AMG Black Series,9,7,8,9,7,4,4,6,3,8
2019,Chevrolet,Corvette ZR1,6,10,8,8,7,6,3,6,3,8
2017,Ford,Shelby GT350R,7,8,9,9,6,5,5,5,4,7
2018,Aston Martin,Vanquish S Volante,9,8,7,7,7,6,6,7,3,5
2018,Dodge,Challenger SRT Demon,6,10,5,7,8,5,7,6,4,7
2012,Mercedes-Benz,E63 AMG Wagon,6,7,6,6,6,6,6,7,8,7
2015,Rolls-Royce,Wraith,6,7,5,5,7,8,10,9,4,4
2022,Mercedes-Benz,EQS 450+,6,4,5,4,6,9,9,8,6,7
2021,Ford,F-150 Raptor,6,5,4,7,6,8,7,7,8,6
2013,Mercedes - Benz,SLS Roadster,7,8,8,9,7,5,4,7,2,7
2015,McLaren,P1 GTR,8,10,10,10,10,2,1,6,1,6
2016,Tesla,Model X,5,6,5,5,6,9,7,4,10,7
2018,Chevrolet,Camaro ZL1 1LE,7,8,8,7,6,6,5,6,4,7
2020,Dodge,Charger Hellcat Widebody,7,8,5,7,7,6,7,6,5,6
2020,Ford,Shelby GT500,7,9,8,8,6,6,5,5,3,7
2020,BMW,750i,6,8,5,5,5,8,8,8,5,6
2007,Ferrari,F430 Spider,8,8,8,8,7,4,4,7,2,8
2018,BMW,M3 CS,6,8,7,7,6,6,6,7,5,6
2003,Aston Martin,Vanquish,10,7,6,8,7,4,5,6,3,8
2007,Porsche,911 Turbo,7,8,7,8,6,4,6,8,3,7
2011,BMW,1 Series M,6,6,8,9,7,5,6,6,4,7
2017,Bentley,Mulsanne Speed,6,5,5,5,7,7,10,9,5,5
2012,Lexus,LFA,6,8,8,8,9,5,5,9,2,4
2017,Ferrari,GTC4Lusso,5,9,7,7,7,6,6,8,5,4
2017,Bentley,Continental SuperSports,6,9,7,6,6,5,8,8,4,5
2018,Audi,RS3,7,8,6,7,5,6,6,7,5,7
2018,Lexus,LS 500h,6,5,5,4,5,9,9,10,5,6
2017,Mercedes-Benz,Maybach S600,6,6,5,5,5,8,10,8,5,6
2017,BMW,M2,6,7,7,8,6,6,6,7,4,7
2020,Land Rover,Defender P400,6,5,4,6,6,8,7,6,9,7
2019,Mercedes-Benz,G550,7,4,4,5,6,8,8,7,9,6
2020,Chevrolet ,Corvette C8,6,10,8,8,6,7,4,6,2,7
2022,Kia,EV6 GT-Line,6,5,5,5,5,8,7,7,9,6
2021,Mercedes - Benz,E450 AT Wagon,6,6,5,4,4,9,8,8,8,5
2020,Volvo,V60 Polestar,7,7,5,4,5,8,7,7,8,5
2021,Jaguar,F-Type R,7,9,7,7,6,6,6,7,2,6
2003,Porsche,996 GT2,7,8,8,9,7,3,4,7,3,7
2006,Lamborghini,Murcielago Roadster,8,8,7,9,9,4,3,6,2,7
2018,Range Rover,Velar R-Dynamic,7,4,6,6,5,8,7,6,8,6
2019,Mercedes-Benz,CLS450,7,6,6,6,5,8,7,7,5,6
2018,Volkswagen,Golf R,6,6,6,6,5,6,6,7,8,7
2017,Aston Martin,V12 Vantage S,8,8,7,8,7,5,5,7,3,5
2017,Alfa Romeo,Giulia Quadrifoglio,7,8,6,7,6,6,6,6,5,6
2008,Lamborghini,Murcielago LP640,8,9,7,9,9,4,3,6,2,6
2017,Ford,Focus RS,6,7,6,7,6,6,5,6,7,7
2009,Ferrari,430 Scuderia,8,9,9,9,8,2,2,7,2,7
2006,Mercedes-Benz,SLR,7,9,6,8,9,4,6,6,3,5
2017,Chevrolet,Camaro ZL1,6,9,7,7,6,6,5,6,4,7
2023,Nissan,Z,7,8,7,7,6,6,5,6,3,7
2021,Toyota,Supra 3.0,6,8,7,6,6,7,5,7,3,7
2004,Rolls-Royce,Phantom,6,4,4,6,7,7,10,8,5,5
2022,Jeep,Wrangler 392,6,7,4,9,6,6,5,6,7,6
2021,Polestar,2,7,6,5,5,5,9,7,8,5,5
2015,BAC,Mono,7,10,10,10,9,1,1,7,1,6
2020,Lotus,Evora GT,7,8,8,7,7,5,5,7,3,5
2020,Lincoln,Aviator BL,7,4,4,4,5,8,7,8,9,6
2020,BMW,M340i,6,7,6,5,4,8,7,7,5,7
2013,Rolls-Royce,Phantom Drophead Coupe,6,4,5,6,7,7,10,8,4,5
2019,Audi,Q8,7,4,5,5,5,9,7,7,8,5
2011,Porsche,911 GT3RS 4.0,7,8,8,9,8,3,3,8,2,6
2019,BMW,i8 Roadster,7,7,7,6,7,7,6,7,2,6
2019,Audi,A8L,6,4,5,4,5,9,9,8,5,7
2019,Lexus,RC-F,6,7,6,6,5,7,7,9,4,5
2009,Mercedes-Benz,SL65 AMG Black Series,8,8,7,8,8,4,4,6,3,6
1999,Nissan,Skyline GT-R (R34),6,7,7,8,9,4,5,6,4,6
2017,Chevrolet,Corvette Z06,6,9,8,7,6,6,3,6,3,8
2018,Kia,Stinger GT,7,6,6,5,4,6,7,6,7,8
2022,BMW,M240i,6,8,6,6,5,7,6,7,4,6
2022,Volkswagen,Golf R,6,6,6,7,5,6,6,6,7,6
2022,Jeep,Grand Wagoneer,5,4,4,3,5,9,8,8,9,6
2006,Ferrari,612 Scaglietti,5,7,7,7,7,4,5,7,4,8
2019,BMW,X7,6,4,4,3,4,9,8,8,9,6
2021,Genesis,G80 3.5T,7,6,5,4,4,8,8,8,5,6
2019,BMW,X5,6,5,5,5,4,8,7,7,8,6
2019,Audi,E-Tron,6,4,4,5,5,9,7,7,8,6
2018,Land Rover,Range Rover Supercharged,7,6,4,3,5,8,8,6,9,5
2019,Porsche,Macan S,5,5,6,6,5,7,7,7,7,6
2011,Ferrari,California,6,8,7,8,6,4,5,7,3,7
2019,Lotus,Evora 400,7,7,8,7,7,5,5,7,3,5
2020,Mercedes-Benz,GLE450,5,5,5,4,4,9,7,7,9,6
2013,Ford,Raptor,7,4,3,6,6,5,6,6,8,10
2005,Bentley,Continental GT,7,6,6,6,6,4,8,7,4,7
2018,Ford,Mustang GT,6,8,7,7,5,6,5,6,4,7
2001,Lamborghini,Diablo 6.0,9,9,7,8,9,3,3,4,2,7
2000,BMW,Z8,10,7,6,7,7,3,5,7,2,7
2002,BMW,M5,8,6,6,6,6,4,6,7,5,7
2017,Chevrolet,SS,6,6,6,6,5,6,6,6,5,9
2020,Toyota,Supra,6,7,7,6,6,7,5,7,3,6
2021,BMW,M440i,5,7,6,6,5,7,7,7,4,6
2022,Lexus,IS 500,5,7,5,5,5,7,7,8,5,6
2021,Genesis,GV70,6,6,4,4,4,8,7,7,7,7
2019,Genesis,G70 3.3T,5,7,6,5,4,7,7,7,5,7
1995,Ferrari,F50,7,8,9,10,10,2,2,5,1,6
2002,Porsche,911 Turbo (996),6,8,7,7,6,4,5,6,3,8
2011,Aston Martin,Rapide,8,6,6,6,6,5,6,6,5,6
2020,McLaren,570S GT4 Race Car,7,9,10,10,8,3,2,5,1,5
2012,Porsche,Panamera V6,4,5,6,5,6,6,7,8,5,8
2020,Lexus,GS-F,6,7,5,6,5,7,7,8,5,4
2020,Genesis,G90 Ultimate,6,5,5,4,4,8,8,8,5,7
2020,Mercedes-Benz,GLS450,6,4,4,3,4,9,8,7,9,6
2018,Cadillac,CT6,6,4,5,4,4,9,8,8,5,7
2000,BMW ,M5 (E39),7,6,6,6,7,4,6,7,5,6
2011,Porsche,997 911 Speedster,7,7,7,7,7,4,6,8,2,5
1990,Ferrari,F40,10,8,9,10,10,1,1,3,1,7
2022,Chevrolet,Silverado ZR2,5,4,3,6,5,8,7,8,8,5
2022,Toyota,Tundra TRD Pro,6,3,2,6,6,7,7,8,8,6
2021,Cadillac,Escalade Platinum,5,3,3,3,6,9,8,7,9,6
2018,Lincoln,Navigator L Black Label,6,3,3,3,5,8,8,8,9,6
2021,Acura,TLX Type S,6,7,5,4,4,8,7,7,5,6
2014,BMW,M6,6,8,5,6,5,6,6,6,4,7
2021,Audi,SQ5,6,6,5,4,4,7,7,7,7,6
2021,Audi,E-Tron Sportback,6,4,4,5,5,9,7,7,7,5
2020,Audi,Q7 3.0T,6,4,4,3,4,9,7,7,9,6
2015,Mercedes-Benz,G63 AMG 6x6,7,3,3,8,10,6,6,7,5,4
2017,Tesla,Model 3,5,5,5,4,5,9,7,6,6,7
2017,Honda,Civic Type R,4,6,6,7,6,6,6,6,7,5
2004,Mercedes-Benz,CLK DTM,7,8,8,8,7,3,3,7,3,5
1996,BMW,850CSi,8,4,5,7,7,4,7,6,4,7
2017,Genesis,G90,5,5,5,4,4,8,8,8,5,7
2021,Ford,Bronco,6,1,4,8,7,6,5,6,8,7
2010,Jeep,Grand Cherokee SRT8,5,6,5,7,6,4,5,4,8,8
1993,Bugatti,EB110,7,9,7,8,10,2,2,4,1,8
2021,Genesis,GV80,7,3,4,3,4,7,7,8,8,7
2019,Lincoln,Continental Coach Door,6,5,4,4,5,8,8,8,5,5
2018,Audi,Q7 3.0 T,6,4,4,3,4,8,7,7,9,6
2004,Mercedes,E55 AMG,6,7,5,5,6,4,6,7,5,7
2019,Volvo,S60 Polestar,6,7,5,4,4,8,7,7,5,5
2008,Maserati ,GranTurismo MC,6,6,7,7,6,4,6,6,4,6
2002,Bentley,Arnage T,6,5,4,5,6,4,9,7,5,7
2019,BMW,330i (G20),6,4,5,5,4,8,7,7,5,7
2019,Kia,K900,5,4,5,4,4,8,8,8,5,7
2018,Mercedes-Benz,SL450,6,6,6,6,5,8,7,7,3,4
2018,Lincoln,Continental,6,5,4,4,4,8,8,8,5,6
2003,Porsche,911 Carrera 4S,6,6,7,7,5,4,5,5,3,10
1993,Lancia,Delta Integrale Evo 2,7,5,7,7,8,3,5,4,6,6
2019,Hyundai,Veloster N,6,4,6,6,5,6,6,6,6,7
2022,Lexus,LX 600,5,2,3,4,4,8,8,9,9,5
2022,Volkswagen,GTI,6,3,6,6,5,6,6,6,7,6
2007,Mercedes-Benz,R63 AMG,4,6,5,4,6,5,7,6,9,5
2013,Toyota,Land Cruiser,6,2,3,5,5,6,7,8,9,6
2022,Subaru,WRX,5,4,7,6,5,6,6,6,5,7
1994,Audi,RS2 Avant,7,6,5,5,7,3,5,5,7,7
2020,Jeep,Gladiator Mojave,6,1,3,8,6,6,5,6,8,8
2016,Mercedes-Benz,CLA45,6,6,6,6,5,5,5,7,5,6
2018,Subaru,WRX STI Type RA,6,4,7,6,6,6,6,6,5,5
1990,Vector,W8,10,7,6,8,10,2,3,3,1,7
2013,BMW,M3 E92 Competition,6,7,6,7,5,5,5,5,4,7
2003,Audi,RS6,7,7,6,6,6,4,6,4,5,6
2016,Ariel,Atom 3,6,10,10,8,8,1,1,6,1,6
1994,Jaguar,XJ220,7,8,6,8,10,2,3,4,2,7
2002,Chevrolet,Corvette Z06 C5,5,8,7,7,6,3,3,6,2,10
2018,Toyota,Land Cruiser,5,2,3,5,5,7,7,8,9,6
1994,Toyota,Supra Turbo,8,6,6,6,7,2,5,7,3,7
2019,Volvo,XC40 T5,7,3,4,3,4,8,7,7,7,7
2012,Mercedes-Benz,C63 AMG Black Series,6,8,7,7,6,5,4,5,3,6
2005,Spyker,C8 Spyder,7,7,6,7,7,3,3,8,2,7
2017,Maserati,Levante,5,4,6,6,5,6,7,6,8,4
2015,Alfa Romeo,4C Spider,6,7,8,8,6,4,3,6,2,6
2009,Porsche,Cayenne GTS 6M,6,3,5,6,5,5,6,6,8,6
2022,Hyundai,Elantra N,6,5,6,6,4,6,6,6,5,6
2022,Toyota,GR86,6,4,8,7,5,5,5,6,3,7
2022,Toyota,Land Cruiser V6 TT,6,3,3,5,5,5,7,8,8,6
2022,Subaru,BRZ Limited,6,4,8,7,5,5,5,6,3,7
2020,Ford,Explorer ST,5,5,4,3,3,7,7,7,9,6
2021,Jeep,Grand Cherokee L V8,6,2,3,3,4,8,7,7,9,7
2020,Jeep,Gladiator,6,1,3,8,6,6,5,6,8,7
2012,Jaguar,XKR-S,7,7,6,6,6,4,5,6,3,6
2008,Tesla,Roadster,7,8,6,7,7,3,3,5,2,8
2008,Audi,S6 V10,6,6,5,5,6,5,6,6,5,6
2013,Ford,Focus ST,6,3,6,6,5,5,5,5,7,8
2006,Maybach,62,4,5,3,4,7,7,8,7,5,6
1994,Honda,NSX,7,4,8,8,7,2,4,7,2,7
2002,Aston Martin,DB7 V12 Volante,7,6,6,6,7,3,5,6,3,7
2020,Cadillac,CT5-V,5,6,5,5,4,7,7,6,5,6
2021,Mini,Cooper JCW GP,5,6,6,6,6,6,5,7,4,5
2017,Land Rover,Range Rover Limo,6,1,3,4,6,8,9,6,8,5
1997,Lamborghini,Diablo VT Roadster,9,7,6,8,9,2,3,3,2,7
2019,Volkswagen,Arteon,7,4,4,3,4,8,7,7,7,5
2019,BMW,Z4 sDrive30i,7,5,6,6,5,7,5,7,2,6
2002,Acura,NSX,7,6,8,8,7,2,3,7,2,6
1998,Ferrari,F355,10,6,7,8,8,2,4,3,2,6
2018,Jeep,Wrangler Unlimited,6,2,4,8,5,5,5,6,8,7
2006,Jaguar,XJ Super V8,6,5,4,5,5,5,8,6,5,6
2008,Honda,S2000 CR,7,4,8,8,6,3,4,7,2,6
2004,Honda,S2000,7,4,8,8,5,3,4,7,2,7
2021,Ford ,Bronco Sport,6,3,3,4,6,7,6,6,7,7
2021,Lexus,IS350 F-Sport,5,4,5,4,4,7,7,8,5,6
2014,Mitsubishi,Evolution X,6,6,6,6,5,4,5,5,5,7
2004,Maserati,Coupe (6-Speed),7,5,6,6,6,3,6,5,4,7
2018,Infiniti,Q50 Red Sport 400,5,7,5,5,3,6,7,6,5,6
2017,Nissan,370Z Nismo,6,5,7,6,6,5,5,7,3,5
2010,Lexus,LS 600hL,4,4,3,3,4,6,9,9,5,8
2018,Mercedes-Benz,AMG GLE63 Coupe,4,7,5,6,3,6,6,6,7,5
2019,Mazda,MX-5 Miata RF,7,4,8,7,5,5,5,6,2,6
2015,Fiat,500 Abarth,7,2,6,8,5,4,4,5,4,10
1963,Ferrari,250 GT Lusso,10,1,4,6,9,1,6,8,3,7
2017,Volvo,XC90 Excellence,7,4,4,3,4,8,8,8,6,3
1996,BMW ,M3 Coupe (Euro),6,5,6,6,6,3,5,6,4,7
2023,Subaru,Solterra Touring,5,2,3,3,4,8,6,7,9,7
2004,Ford,Mustang Cobra Convertible,6,6,5,7,6,3,5,5,4,7
2019,Lexus ,LX570,3,2,3,4,4,7,8,9,9,5
1954,Mercedes-Benz,300SL Gullwing,10,1,5,6,10,1,5,7,2,7
2007,Mercedes-Benz,SLK55 AMG,6,7,6,6,5,4,5,6,2,7
1998,Subaru,Impreza 22B,6,6,6,6,8,2,5,5,4,6
2009,Bentley,Brooklands,6,5,4,5,6,4,9,6,4,5
2020,Lincoln,Corsair,6,3,4,2,3,8,7,7,7,7
2017,Jaguar,F-Pace S,6,5,5,3,4,6,7,6,7,5
2004,Subaru,Impreza WRX STI,6,5,6,6,6,3,5,5,5,7
2004,BMW,M3 Coupe (E46),7,6,6,6,5,3,6,5,4,6
2002,Mercedes-Benz,SL500,7,4,5,5,5,4,6,8,3,7
2012,Hyundai,Equus Ultimate,5,4,3,3,3,6,8,7,5,10
2020,Land Rover,Range Rover Evoque,7,2,4,2,4,8,7,6,7,7
1997,Porsche,911 Carrera RS (993),6,6,7,8,7,2,3,7,2,6
1994,Porsche,928 GTS,7,5,6,6,6,3,6,5,4,6
1999,Mitsubishi,3000GT VR-4,6,6,6,6,6,3,5,5,4,7
2017,Mercedes-Benz,G65 AMG,7,5,2,6,6,6,6,5,9,2
2004,Volkswagen,Phaeton W12,5,4,4,4,6,5,8,6,5,7
2006,BMW,M5 (E60),6,7,6,6,6,4,5,3,5,6
2004,Nissan,350Z Roadster,6,5,6,6,6,3,5,7,2,7
2006,Mazda,RX-8 Shinka,6,4,7,6,6,3,5,4,5,7
2020,Toyota,Avalon TRD,5,3,4,4,4,7,7,8,5,6
2020,Mercedes-Benz,GLC300,5,3,4,2,3,8,7,7,7,7
2019,Mercedes-Benz,Modified Sprinter Van,2,1,2,5,5,8,9,7,9,5
2001,BMW,750iL,9,2,5,4,5,4,7,6,5,6
2018,Toyota,4Runner TRD Pro,6,1,3,6,5,4,6,7,9,6
1985,Ferrari,Testarossa,8,5,7,8,8,2,2,4,2,7
1989,Lamborghini,Countach,9,6,6,7,9,2,2,3,2,7
2007,Bentley,Azure,6,3,4,5,7,4,9,6,4,5
2017,Ford,Fiesta ST,6,2,6,6,5,4,5,5,6,8
2020,Mercedes - Benz,CLA 250,6,3,4,3,4,8,7,7,5,6
2017,Mercedes-Benz,G550 4x4 Squared,7,4,3,5,7,6,6,5,6,4
2008,Maybach,57S,4,6,4,4,6,5,9,6,5,4
2022,Lexus,NX350h,5,2,4,2,2,8,7,8,7,7
2003,BMW,760Li,4,5,4,4,4,6,7,7,5,6
2018,Subaru,BRZ tS,6,3,7,6,5,5,5,6,3,6
2021,Mazda,CX-30 Turbo,6,4,4,4,3,6,6,6,7,6
1992,Dodge,Viper RT/10,7,6,6,7,7,2,2,4,2,9
2007,Pontiac,Solstice GXP,6,5,7,7,5,3,4,6,2,7
1991,BMW,M5 (E34),7,3,5,5,6,3,5,6,5,7
1992,Mercedes-Benz,500E,6,4,4,4,6,3,6,8,5,6
2019,Mini,Countryman S JCW,6,3,5,3,4,6,6,7,7,5
2006,Mercedes-Benz,CL65 AMG,5,6,5,5,5,4,7,5,4,6
1994,Mazda,RX-7,10,6,6,6,6,2,3,4,3,6
1997,Dodge,Viper GTS,7,7,6,7,6,2,3,4,3,7
2017,Fiat,124 Spider Abarth,6,3,7,6,5,5,5,6,2,7
2022,Kia,Carnival SX Prestige,5,1,3,1,1,8,7,7,10,8
2021,Mazda,Mazda3 Turbo Hatchback,4,4,5,4,3,6,5,7,6,7
2020,Kia,Soul 1.6T,6,3,3,3,3,6,5,7,8,7
2021,Chevrolet,Tahoe High Country,5,3,3,1,3,7,7,7,9,6
1988,BMW,M3 (E30),7,2,6,6,7,3,4,6,4,6
1997,Toyota,Century V12,4,1,3,4,6,6,8,8,5,6
2018,Polaris ,Slingshot,6,5,7,9,6,2,2,6,1,7
2020,Mercedes-Benz,GLB250,5,2,4,2,3,6,7,7,8,7
2019,Audi,Q3,6,2,4,2,3,7,7,6,7,7
2019,Mercedes-Benz,A220,5,2,4,3,4,7,7,7,5,7
1990,Toyota,Century,4,1,2,4,6,5,8,8,5,8
2015,Maserati,Ghibli,6,5,6,4,5,5,6,5,5,4
1993,Mazda,NA Miata,6,1,8,8,5,2,3,6,2,10
1994,TVR,Chimaera 400 HC,6,6,6,7,7,2,3,4,2,7
2004,Volvo,S60 R,6,4,5,5,5,4,5,5,5,6
2020,Kia,Telluride EX,6,1,3,1,2,7,7,7,9,7
2021,Toyota,RAV4 Prime,5,4,3,3,1,6,6,7,8,7
2021,Volkswagen,ID.4,5,1,3,2,4,8,6,6,8,7
2018,Porsche,Cayenne Camera Car,3,1,5,4,8,7,6,7,2,7
2021,Chrysler,Pacifica Pinnacle,5,1,3,1,1,8,7,6,10,8
2021,Toyota,Sienna Platinum,5,1,3,1,1,8,6,7,10,8
2020,GMC,Sierra Harley Davidson,5,4,2,2,4,7,7,6,8,5
2019,Cadillac,XT4,6,1,4,2,3,7,7,6,7,7
2004,Dodge,Ram SRT-10,5,6,3,6,6,3,5,6,4,6
2019,GMC,Sierra Denali,5,4,2,1,4,7,7,6,8,6
2015,Kia,K900,4,5,4,4,3,6,7,7,5,5
2019,Toyota,Tacoma TRD Pro,6,1,3,5,5,5,5,7,6,7
2016,USSV,Rhino GX,5,1,2,6,7,6,5,6,7,4
2020,Suzuki,Jimny,7,1,3,7,7,4,3,6,4,7
2021,Toyota ,Mirai,5,1,4,2,4,7,7,8,5,6
2021,GMC,Yukon Denali Diesel,5,1,3,1,3,7,7,7,9,6
2021,Ford,F-150 King Ranch,5,3,2,1,3,7,7,6,8,7
2020,Toyota,Highlander Platinum,5,1,3,1,1,8,7,8,9,6
2020,Hyundai,Palisade Limited,5,1,3,1,1,7,7,7,9,8
2017,Honda,Odyssey Elite,5,1,3,1,1,8,6,7,9,8
1997,Lexus,LX450 (Land Cruiser),6,1,3,4,5,3,4,7,8,8
2005,Dodge,Neon SRT-4,5,4,5,6,5,3,4,5,5,7
2001,Audi,TT Roadster,8,3,6,6,5,3,4,6,2,6
2010,Toyota,FJ Cruiser,5,1,3,7,4,4,5,7,6,7
2006,Hummer,H1 Alpha,6,1,2,8,7,3,3,7,6,6
2018,Peugeot,3008,5,1,4,2,5,6,6,5,8,7
2019,Dodge,Ram 1500,5,3,2,1,3,7,7,6,8,7
1987,Aston Martin,Lagonda,4,1,5,5,10,3,6,4,5,6
1992,Ferrari,348ts,6,4,6,7,7,2,3,5,2,7
1973,Lamborghini,Espada,4,1,6,6,8,2,6,5,4,7
2022,Honda,Civic Si,5,2,5,5,4,5,5,6,5,6
2022,Hyundai,Tucson Hybird,6,1,3,1,2,7,6,7,8,7
2022,Subaru,Outback Wilderness,4,3,3,2,1,6,7,7,8,7
2022,Nissan,Pathfinder,5,1,3,1,1,7,7,7,9,7
1988,Fiat,Multipla,3,1,4,5,7,3,5,5,9,6
1989,LaForza,LaForza,6,1,3,4,6,3,6,6,7,6
1993,Porsche,968 Clubsport,6,4,5,6,7,2,4,6,3,5
2012,Fisker,Karma,5,4,4,3,6,5,6,5,4,6
2016,Jeep,Wrangler 6x6,6,1,6,6,7,4,4,3,6,5
1990,Bentley,Turbo R,5,2,3,4,5,3,9,6,5,6
2020,Subaru,Outback XT,5,3,3,1,1,6,7,7,8,7
1987,Buick ,Grand National,8,2,4,5,7,2,5,4,4,7
2019,Mazda,Mazda3 Sedan,6,2,5,3,3,6,5,6,5,7
1981,Ferrari,512BB Boxer,8,4,6,6,8,2,2,4,2,6
1971,Maserati,Ghibli SS,8,3,5,6,8,2,5,4,2,5
2020,Ford,Escape Hybrid,5,1,3,1,1,8,6,6,8,8
2006,Citröen,C6,4,1,3,4,6,5,7,6,5,6
2019,Subaru,Ascent,5,1,3,1,1,6,7,7,9,7
2021,Ford,Ranger Tremor,6,2,3,4,4,6,5,6,6,5
2021,Toyota,Venza Limited,5,1,3,1,1,8,7,7,8,6
2022,Chevrolet,Bolt EUV,5,2,3,2,3,8,5,5,7,7
2000,Toyota,4Runner,5,1,3,3,5,3,4,7,8,8
2021,Kia,Sorento SX X-Line,5,1,3,1,1,7,7,7,8,7
2021,Kia,K5 EX,6,1,4,1,1,8,6,7,6,7
2020,Toyota,C-HR,5,1,3,2,3,6,6,7,7,7
1996,Chevrolet,Impala SS,7,1,4,4,6,2,6,5,5,7
2020,GMC,Sierra 3500 Denali,5,1,2,1,4,7,7,6,8,6
1999,Bentley,Limo,4,1,2,4,6,4,10,6,5,5
1999,Mercedes-Benz,G500 Cabriolet,4,1,4,7,7,4,6,6,4,4
2019,Toyota,RAV4,5,1,3,1,1,6,6,7,8,9
2001,Acura,Integra Type-R,5,2,6,6,6,2,4,6,4,6
1990,Mitsubishi,Eclipse GSX,6,2,5,6,6,2,5,5,4,6
2006,Land Rover,Range Rover,6,1,4,3,3,4,7,4,9,6
1996,Rolls-Royce,Silver Spur,4,1,3,4,5,3,10,6,5,6
2003,Mercury,Marauder,6,1,4,5,5,3,6,5,5,6
1992,Suzuki,Cappuccino,6,1,7,6,6,2,3,6,2,7
2022,Ford,Maverick XLT,6,3,3,2,3,5,5,6,6,7
2022,Hyundai,Santa Cruz,5,2,3,2,4,6,6,7,6,5
1990,Mosler,Consulier GTP,4,5,7,7,6,2,3,4,2,6
2014,Volkswagen,XL1,6,1,4,6,7,4,4,6,3,5
2020,Mazda,CX-30,6,1,4,2,2,6,6,6,7,6
1986,Citröen,CX25 Prestige,4,1,3,4,6,4,7,6,5,6
2017,Chevrolet,Bolt,5,3,3,2,3,6,5,5,7,7
2004,Mercedes - Benz,Unimog U500 Crew Cab,6,1,1,6,9,3,4,6,3,7
2000,Honda,S2000 2Fast 2Furious,6,1,7,6,8,3,4,4,1,6
1994,Mercedes-Benz,S500 (W14),5,1,3,2,4,4,7,8,5,7
1987,Mercedes-Benz,190E 2.3-16,5,1,5,5,5,2,5,6,5,7
1991,Mercedes-Benz,560SEL,5,1,2,3,5,3,7,9,5,6
2006,Subaru,Baja Turbo,4,2,5,4,5,3,5,6,6,6
2019,Dodge,Ram 2500 HD,5,1,2,1,3,7,7,6,8,6
2019,Honda,Passport,5,2,3,1,1,7,6,7,9,5
2015,BMW,i3,6,2,4,4,5,5,6,6,6,2
1990,BMW,Z1,6,1,5,8,7,2,3,6,2,6
1993,Jeep,Wrangler Renegade,6,1,4,7,5,2,3,6,4,8
2017,Ford,F-250 Platinum,4,2,2,1,3,6,7,7,8,6
2020,Hyundai,Sonata Limited,4,1,4,1,1,9,6,7,6,7
1993,GMC,Typhoon,6,5,3,4,6,2,4,4,5,6
2019,Kia,Niro EV,5,1,3,1,2,7,5,6,7,8
2022,Nissan,Frontier Pro-4X,6,1,3,4,3,5,5,6,6,6
2020,Chevrolet,Blazer,5,3,3,1,1,6,6,6,8,6
1985,Lamborghini,Jalpa,6,3,5,7,7,2,3,3,2,7
1993,Autozam,AZ-1,5,1,7,6,7,2,2,6,2,7
1993,Alfa Romeo,RZ,4,2,6,6,8,2,4,5,2,6
2019,Suzuki,Swift Boosterjet,6,1,4,3,3,5,5,6,5,7
2001,Toyota,MR2 Spyder,5,1,7,6,4,3,3,7,2,7
2019,Chevrolet,Colorado ZR2,6,1,3,4,5,5,5,5,6,5
1991,Lamborghini,LM002,5,1,4,5,9,3,4,4,4,6
1991,Honda,Beat,6,1,5,5,6,3,3,6,2,7
1985,Audi,5000 Tresser,6,1,3,3,6,3,7,5,5,5
2021,Honda,Ridgeline HPD,5,1,3,2,3,6,6,7,6,5
1997,Toyota,Previa S/C All-Trac,4,1,3,2,4,3,5,6,9,7
2020,Volkswagen,Jetta SEL Premium,5,1,3,1,2,7,6,7,5,7
2009,Chevrolet,HHR SS Panel,4,3,4,4,5,3,5,4,6,6
2013,Mini,Clubvan,5,1,5,3,3,4,5,6,6,6
1992,Subaru,SVX,6,1,5,4,6,2,5,4,4,7
2019,Chevrolet,Silverado Trail Boss,5,2,2,2,3,5,6,5,8,6
2004,Chevrolet,SSR,5,1,4,6,5,3,5,5,4,6
1977,Cadillac,Eldorado,5,1,2,5,6,2,8,5,4,6
2001,Jeep,Cherokee XJ,7,1,3,2,4,2,4,6,7,7
2019,Ford,Ranger,5,2,3,2,3,6,5,5,6,6
1991,BMW,750iL (E32),5,1,3,3,4,3,7,6,5,6
1993,Cadillac,Allante,5,2,4,4,5,3,6,6,2,6
1991,Honda,Civic Si,4,1,4,4,6,2,4,6,6,6
2021,Hyundai,Venue,5,1,3,1,1,6,6,6,7,7
1989,Cadillac,Brougham d'Elegance,5,1,2,3,5,3,7,6,4,7
1991,Toyota,Sera,5,1,3,5,7,2,4,6,3,7
1994,Acura,Legend Coupe,5,1,4,3,4,3,6,7,4,6
1999,Plymouth,Prowler,6,4,5,5,6,2,4,5,1,5
1990,Lexus,LS 400,4,1,3,2,4,3,7,7,5,7
2005,Maserati,Quattroporte,4,5,6,2,5,4,5,3,5,4
1986,Nissan ,Maxima,5,1,3,2,6,3,6,6,5,6
2000,Ford,Excursion V10,4,1,2,1,4,3,5,6,9,7
2004,Ford,Thunderbird,6,3,4,4,3,3,6,5,3,5
1998,Lincoln,Navigator,4,1,2,1,3,3,7,6,8,7
2005,Lincoln,Town Car,4,1,3,1,3,3,8,7,5,7
1987,Pontiac,Fiero GT,5,1,5,6,5,2,5,5,2,6
2002,Hyundai,Equus,4,1,3,2,4,3,7,6,5,7
1990,Mitsubishi,Sigma,4,1,3,2,5,3,6,6,5,6
1996,Chevrolet,Suburban,6,1,2,1,4,2,5,4,9,7
1989,Buick ,Reatta,4,1,4,4,4,4,6,6,2,6
2008,Chevrolet,Tahoe Hybrid,5,1,2,1,2,3,6,6,9,6
2011,Saab,9-5,6,1,4,2,4,4,5,5,5,5
1988,Jaguar,XJS V12,6,1,4,4,5,2,6,3,4,6
2018,Nissan,Titan XD Platinum Reserve,4,1,2,1,3,6,6,6,8,4
2022,Honda,Civic EX Sedan,5,1,3,1,1,6,5,6,5,7
1987,Dodge,Camper Van,3,1,2,1,4,4,5,5,9,6
2002,Lincoln,Blackwood,4,1,2,2,5,3,6,6,5,6
2007,Chrysler,PT Cruiser GT,3,3,3,4,2,3,5,4,7,6
1985,Oldsmobile,Custom Cruiser,4,1,2,2,5,2,5,5,7,7
2017,Land Rover,Evoque Convertible,3,1,4,3,4,6,7,6,3,3
2004,Pontiac,Aztek,2,1,3,1,4,3,5,4,10,7
1991,Subaru,Sambar Van,4,1,2,3,4,3,4,6,6,6
2003,Smart,Crossblade,6,1,3,6,6,2,3,5,1,6
2016,Ford,F-650,5,1,2,4,6,3,4,7,3,4
1996,Oldsmobile,Silhouette,3,1,2,1,4,4,5,4,9,6
2020,Toyota,Corolla Hybrid,4,1,3,1,1,6,5,6,5,7
1973,Rolls-Royce,Silver Shadow,4,1,2,4,5,2,7,4,4,6
1972,Lamborghini,Jarama GT,3,2,5,5,7,2,3,4,2,6
2015,Cadillac,ELR,6,1,4,2,3,5,7,6,3,2
2005,Pontiac,Vibe GT,4,1,3,3,2,3,4,5,7,6
1996,Mitsubishi,Pajero Mini,5,1,3,3,4,2,3,6,5,6
1996,Ford ,Bronco,5,1,2,2,4,2,5,5,5,7
2001,Isuzu,VehiCROSS,3,1,3,3,4,2,4,6,5,7
1994,Ford,Explorer XLT,6,1,2,1,3,2,4,4,8,6
1989,Dodge,Dakota Convertible,4,1,2,3,5,2,4,5,4,7
1988,Volga,GAZ 24-10,3,1,2,3,5,2,6,4,5,6
2016,Los Res,Car,8,1,1,6,8,1,1,3,1,5
1992,Geo ,Metro Convertible,5,1,2,3,4,2,3,5,2,6
2005,Hummer,H2,4,1,2,1,1,3,7,2,9,2
1975,Ferret,Tank,5,1,1,7,6,1,1,2,1,7
2016,Mitsubishi,Mirage,3,1,2,1,1,3,4,3,7,6
2012,Nissan,Murano CrossCabriolet,2,1,3,1,2,4,5,5,4,3
2017,Mercedes-Benz,Metris,3,1,3,1,1,4,6,4,6,1
1988,Yugo,GV,3,1,2,3,6,2,3,1,3,5
1971,Trabant,Trabant,2,1,1,3,7,1,2,1,3,6
1969,BMW,Isetta,4,1,1,5,6,1,1,1,1,4